<?xml version="1.0" encoding="UTF-8"?>
<objecttypes>
 <objecttype name="Assets" color="#00ff00">
  <property name="Atlases" type="string"/>
  <property name="Musics" type="string"/>
  <property name="Sounds" type="string"/>
 </objecttype>
 <objecttype name="BasicGameObject" color="#ff0000">
  <property name="sprite" type="string" default="NO_SPRITE_RENDERED"/>
 </objecttype>
 <objecttype name="Collectible" color="#4ea693">
  <property name="item_id" type="int" default="0"/>
 </objecttype>
 <objecttype name="Destructible" color="#550000">
  <property name="DestroyAnimation" type="string"/>
  <property name="health" type="float" default="10"/>
  <property name="itemDrop" type="int" default="10"/>
  <property name="sprite" type="string" default="noregion"/>
 </objecttype>
 <objecttype name="Fire" color="#a40f36"/>
 <objecttype name="Font" color="#55ff00">
  <property name="font_file" type="string" default=""/>
  <property name="markup" type="bool" default="false"/>
 </objecttype>
 <objecttype name="GameObject" color="#a0a0a4"/>
 <objecttype name="Hazard" color="#ff007f"/>
 <objecttype name="HealthBauble" color="#89a812"/>
 <objecttype name="Image" color="#ff00ff">
  <property name="image" type="string"/>
 </objecttype>
 <objecttype name="ImageButton" color="#ff00ff">
  <property name="downImage" type="string"/>
  <property name="hoverImage" type="string"/>
  <property name="pressedXOff" type="float" default="0"/>
  <property name="pressedYOff" type="float" default="0"/>
  <property name="upImage" type="string"/>
 </objecttype>
 <objecttype name="Label" color="#ff00ff">
  <property name="Blue" type="int" default="255"/>
  <property name="Green" type="int" default="255"/>
  <property name="Red" type="int" default="255"/>
  <property name="color" type="color" default="#ffffffff"/>
  <property name="font" type="string"/>
  <property name="text" type="string"/>
  <property name="wrap" type="bool" default="false"/>
 </objecttype>
 <objecttype name="LavaBurst" color="#a41383"/>
 <objecttype name="NumberObject" color="#ff0000">
  <property name="place" type="int" default="0"/>
  <property name="value" type="int" default="0"/>
 </objecttype>
 <objecttype name="Particle" color="#55ff00">
  <property name="particle_file" type="string"/>
 </objecttype>
 <objecttype name="Pit" color="#a4527d"/>
 <objecttype name="PlatformerObject" color="#ff0000">
  <property name="gravity" type="float" default="-12"/>
  <property name="max_jump_speed" type="float" default="600"/>
  <property name="min_jump_speed" type="float" default="200"/>
  <property name="walk_speed" type="float" default="300"/>
 </objecttype>
 <objecttype name="Player" color="#ffaa00"/>
 <objecttype name="ProgressBar" color="#ff00ff">
  <property name="background" type="string"/>
  <property name="flipped" type="bool" default="false"/>
  <property name="knob" type="string"/>
  <property name="knob_after" type="string"/>
  <property name="knob_before" type="string"/>
  <property name="max" type="float" default="1"/>
  <property name="min" type="float" default="0"/>
  <property name="step_size" type="float" default="0.01"/>
  <property name="vertical" type="bool" default="false"/>
 </objecttype>
 <objecttype name="ProgressTexture" color="#ff00ff"/>
 <objecttype name="ScrollingBackground" color="#ff0000">
  <property name="absolute" type="bool" default="false"/>
  <property name="image" type="string"/>
  <property name="repeat_horizontal" type="bool" default="false"/>
  <property name="repeat_vertical" type="bool" default="false"/>
  <property name="speed_horizontal" type="float" default="0"/>
  <property name="speed_vertical" type="float" default="0"/>
 </objecttype>
 <objecttype name="Shader" color="#55ff00">
  <property name="shader_name" type="string"/>
 </objecttype>
 <objecttype name="ShaderObject" color="#ff0000">
  <property name="sprite" type="string"/>
 </objecttype>
 <objecttype name="SimpleEnemy" color="#aa5500"/>
 <objecttype name="Spiker" color="#a4182d"/>
 <objecttype name="SpikeWall" color="#a0a0a4">
  <property name="direction" type="int" default="0"/>
 </objecttype>
 <objecttype name="Table" color="#ff00ff">
  <property name="background" type="string"/>
  <property name="children" type="string"/>
  <property name="ninepatch" type="bool" default="false"/>
 </objecttype>
 <objecttype name="TextButton" color="#ff00ff">
  <property name="Blue" type="int" default="255"/>
  <property name="Green" type="int" default="255"/>
  <property name="Red" type="int" default="255"/>
  <property name="bg_down" type="string"/>
  <property name="bg_hover" type="string"/>
  <property name="bg_up" type="string"/>
  <property name="font" type="string"/>
  <property name="font_down_color" type="color" default="#ffffffff"/>
  <property name="font_hover_color" type="color" default="#ffffffff"/>
  <property name="font_scale_x" type="float" default="1"/>
  <property name="font_scale_y" type="float" default="1"/>
  <property name="font_up_color" type="color" default="#ffffffff"/>
  <property name="ninepatch" type="bool" default="false"/>
  <property name="pressedXOff" type="float" default="0"/>
  <property name="pressedYOff" type="float" default="0"/>
  <property name="text" type="string"/>
 </objecttype>
 <objecttype name="TilemapLayerObject" color="#ff0000">
  <property name="tile_layer" type="string"/>
 </objecttype>
 <objecttype name="Trigger" color="#55007f">
  <property name="persistent" type="bool" default="false"/>
  <property name="triggerBehavior" type="string" default="NULL"/>
 </objecttype>
 <objecttype name="Viewport" color="#0000ff"/>
 <objecttype name="Wall" color="#ff0000">
  <property name="passable" type="bool" default="false"/>
 </objecttype>
</objecttypes>
